{"epoch/accuracy":0.970047652721405,"test_accuracy":0.9591559171676636,"_timestamp":1.7440643697887182e+09,"epoch/epoch":9,"epoch/val_accuracy":0.9591559171676636,"classification_report_text":"              precision    recall  f1-score   support\n\n         0.0       0.97      0.99      0.98      1412\n         1.0       0.44      0.19      0.27        57\n\n    accuracy                           0.96      1469\n   macro avg       0.70      0.59      0.62      1469\nweighted avg       0.95      0.96      0.95      1469\n","epoch/val_loss":0.0964353084564209,"epoch/loss":0.07340390235185623,"confusion_matrix":{"path":"media/images/confusion_matrix_10_70bb2ebaccd8ae2dc405.png","format":"png","width":1000,"height":800,"_type":"image-file","sha256":"70bb2ebaccd8ae2dc405b249774c1be82a75733b55a7234e98b8d725fad37b19","size":20566},"epoch/learning_rate":0.0010000000474974513,"_wandb":{"runtime":150},"_runtime":15.9339365,"test_loss":0.0964353084564209,"_step":10}