{"epoch/val_loss":0.07856926321983337,"epoch/epoch":9,"final_test_loss":0.07545050233602524,"final_test_accuracy":0.9680054187774658,"epoch/loss":0.04598730430006981,"_timestamp":1.7440645154060988e+09,"epoch/val_accuracy":0.9646017551422119,"epoch/learning_rate":0.009999999776482582,"epoch/accuracy":0.98179030418396,"_runtime":10.361645,"_wandb":{"runtime":10},"hyperparameter_optimization":{"width":1200,"height":800,"_type":"image-file","sha256":"a63112b13326086e7b66453fa83a8530334176541355a011b3af3f364fe409e4","size":45548,"path":"media/images/hyperparameter_optimization_10_a63112b13326086e7b66.png","format":"png"},"_step":10}