{"epoch/epoch":9,"test_loss":0.10020927339792252,"classification_report_text":"              precision    recall  f1-score   support\n\n         0.0       0.97      0.99      0.98      1412\n         1.0       0.42      0.14      0.21        57\n\n    accuracy                           0.96      1469\n   macro avg       0.69      0.57      0.59      1469\nweighted avg       0.95      0.96      0.95      1469\n","_step":10,"epoch/learning_rate":0.0010000000474974513,"epoch/val_accuracy":0.9591559171676636,"_runtime":25.2252792,"_wandb":{"runtime":274},"_timestamp":1.7440808832080004e+09,"epoch/accuracy":0.9669843316078186,"confusion_matrix":{"height":800,"_type":"image-file","sha256":"94915e3dc1aff7f290ab2b9e5d550120b83d6d65fbfa37e5198847352aabf7e6","size":21055,"path":"media/images/confusion_matrix_10_94915e3dc1aff7f290ab.png","format":"png","width":1000},"test_accuracy":0.9591559171676636,"epoch/val_loss":0.10020927339792252,"epoch/loss":0.0765618309378624}