{"final_test_loss":0.07868780940771103,"_timestamp":1.744081155199591e+09,"epoch/val_accuracy":0.9605173468589783,"epoch/learning_rate":0.009999999776482582,"_step":10,"epoch/loss":0.05364218354225159,"final_test_accuracy":0.9639210104942322,"_wandb":{"runtime":22},"_runtime":21.9196105,"epoch/epoch":9,"epoch/val_loss":0.08739954233169556,"hyperparameter_optimization":{"size":45357,"path":"media/images/hyperparameter_optimization_10_282a49755c2e29c8d3df.png","format":"png","width":1200,"height":800,"_type":"image-file","sha256":"282a49755c2e29c8d3df29b346f6344a588cb1f7374769a855375c8a3e0dac45"},"epoch/accuracy":0.9778761267662048}