{"epoch/accuracy":0.982811450958252,"_timestamp":1.7440504952682688e+09,"epoch/loss":0.045230649411678314,"epoch/learning_rate":0.009999999776482582,"hyperparameter_optimization":{"size":52593,"path":"media/images/hyperparameter_optimization_10_a256b3b1b0ac81eaf8a0.png","format":"png","width":1200,"height":800,"_type":"image-file","sha256":"a256b3b1b0ac81eaf8a07b62ade7da0b1b4256ba2e7de6e8e775a674c4dbdb19"},"epoch/val_accuracy":0.9666439890861511,"final_test_accuracy":0.9693669080734253,"epoch/val_loss":0.10411930829286575,"epoch/epoch":9,"_step":10,"_wandb":{"runtime":112},"_runtime":109.5104419,"final_test_loss":0.08019950985908508}