{"hyperparameter_optimization":{"width":1200,"height":800,"_type":"image-file","sha256":"49fcecbe8f61bd6cc8a082de98fa751d3f3909cb8995a68a5e5a98db65425ce6","size":45235,"path":"media/images/hyperparameter_optimization_10_49fcecbe8f61bd6cc8a0.png","format":"png"},"epoch/learning_rate":0.009999999776482582,"_runtime":14.6840627,"epoch/val_accuracy":0.9537100195884705,"epoch/accuracy":0.982300877571106,"epoch/epoch":9,"epoch/val_loss":0.10300098359584808,"_timestamp":1.7440756093752224e+09,"_step":10,"_wandb":{"runtime":15},"epoch/loss":0.04178434982895851,"final_test_loss":0.08335382491350174,"final_test_accuracy":0.9680054187774658}