{"_timestamp":1.744022691880617e+09,"test_loss":0.09677722305059433,"epoch/loss":0.07904583215713501,"epoch/accuracy":0.9661334156990051,"classification_report_text":"              precision    recall  f1-score   support\n\n         0.0       0.97      0.99      0.98      1412\n         1.0       0.54      0.25      0.34        57\n\n    accuracy                           0.96      1469\n   macro avg       0.75      0.62      0.66      1469\nweighted avg       0.95      0.96      0.96      1469\n","test_accuracy":0.9625595808029175,"_wandb":{"runtime":145},"confusion_matrix":{"width":1000,"height":800,"_type":"image-file","sha256":"f63672ea03d868744f20a29e12b17cc046457c24eb7222685cdec9f1dd64ca8b","size":22925,"path":"media/images/confusion_matrix_10_f63672ea03d868744f20.png","format":"png"},"epoch/learning_rate":0.0010000000474974513,"_step":10,"epoch/epoch":9,"epoch/val_loss":0.09677722305059433,"epoch/val_accuracy":0.9625595808029175,"_runtime":143.1147216}