{"epoch/loss":0.07377057522535324,"epoch/val_accuracy":0.9625595808029175,"epoch/epoch":9,"_wandb":{"runtime":263},"classification_report_text":"              precision    recall  f1-score   support\n\n         0.0       0.97      0.99      0.98      1412\n         1.0       0.53      0.32      0.40        57\n\n    accuracy                           0.96      1469\n   macro avg       0.75      0.65      0.69      1469\nweighted avg       0.96      0.96      0.96      1469\n","test_accuracy":0.9625595808029175,"test_loss":0.09861063212156296,"_runtime":19.2749431,"_step":10,"epoch/val_loss":0.09861063212156296,"epoch/learning_rate":0.0010000000474974513,"confusion_matrix":{"_type":"image-file","sha256":"c0f3094ceef4b6ae114997051e96b13224e0fa221a1aca2ad03423e63c56d863","size":20964,"path":"media/images/confusion_matrix_10_c0f3094ceef4b6ae1149.png","format":"png","width":1000,"height":800},"epoch/accuracy":0.9690265655517578,"_timestamp":1.7440753490199082e+09}