{"test_accuracy":0.9632403254508972,"epoch/val_loss":0.09253785759210587,"_wandb":{"runtime":1057},"epoch/loss":0.07839364558458328,"_step":10,"_timestamp":1.7440493977459464e+09,"test_loss":0.09253785759210587,"epoch/accuracy":0.9681756496429443,"epoch/epoch":9,"_runtime":70.9840971,"confusion_matrix":{"width":1000,"height":800,"_type":"image-file","sha256":"048186785c5001a9ed2ec385d52b5c354a9aeb35027f908bd216dd57371dcca9","size":22654,"path":"media/images/confusion_matrix_10_048186785c5001a9ed2e.png","format":"png"},"classification_report_text":"              precision    recall  f1-score   support\n\n         0.0       0.97      0.99      0.98      1412\n         1.0       0.56      0.25      0.34        57\n\n    accuracy                           0.96      1469\n   macro avg       0.77      0.62      0.66      1469\nweighted avg       0.95      0.96      0.96      1469\n","epoch/val_accuracy":0.9632403254508972,"epoch/learning_rate":0.0010000000474974513}