{"_wandb":{"runtime":1249},"_timestamp":1.7440594548828304e+09,"_step":10,"epoch/epoch":9,"epoch/loss":0.07587072253227234,"epoch/val_loss":0.09191680699586868,"epoch/learning_rate":0.0010000000474974513,"epoch/val_accuracy":0.9632403254508972,"classification_report_text":"              precision    recall  f1-score   support\n\n         0.0       0.97      0.99      0.98      1412\n         1.0       0.56      0.26      0.36        57\n\n    accuracy                           0.96      1469\n   macro avg       0.76      0.63      0.67      1469\nweighted avg       0.95      0.96      0.96      1469\n","test_loss":0.09191680699586868,"_runtime":113.3652643,"test_accuracy":0.9632403254508972,"confusion_matrix":{"path":"media/images/confusion_matrix_10_212b15e2d4cc55230a81.png","format":"png","width":1000,"height":800,"_type":"image-file","sha256":"212b15e2d4cc55230a81e074d504071f812e52167a4188b25c4daa6fdb233782","size":22930},"epoch/accuracy":0.9690265655517578}