{"epoch/val_accuracy":0.9652824997901917,"_runtime":113.6724951,"hyperparameter_optimization":{"height":800,"_type":"image-file","sha256":"083dabbd57b4dccfff9b8c4b88bba1348311e0b9f0ac6f1991e22c7e6d05dbe5","size":52635,"path":"media/images/hyperparameter_optimization_10_083dabbd57b4dccfff9b.png","format":"png","width":1200},"epoch/accuracy":0.982300877571106,"_step":10,"epoch/epoch":9,"epoch/loss":0.04574425891041756,"final_test_loss":0.08104569464921951,"epoch/learning_rate":0.009999999776482582,"final_test_accuracy":0.961198091506958,"_timestamp":1.7440607068384542e+09,"_wandb":{"runtime":116},"epoch/val_loss":0.08663316816091537}