{"final_test_accuracy":0.961198091506958,"epoch/val_loss":0.09649558365345001,"epoch/learning_rate":0.009999999776482582,"_step":8,"_wandb":{"runtime":27},"epoch/loss":0.05254386365413666,"_timestamp":1.744073289064049e+09,"_runtime":26.4101531,"final_test_loss":0.08401095867156982,"epoch/val_accuracy":0.9666439890861511,"epoch/accuracy":0.9790673851966858,"hyperparameter_optimization":{"path":"media/images/hyperparameter_optimization_8_4bee27e5b2ac3714c3fa.png","format":"png","width":1200,"height":800,"_type":"image-file","sha256":"4bee27e5b2ac3714c3fa11a0b9254247b21baad960405b323e1d9437130f2033","size":45335},"epoch/epoch":7}