{"epoch/val_loss":0.09566552191972733,"_runtime":22.615440800000002,"test_accuracy":0.9584751725196838,"epoch/loss":0.07624077051877975,"_timestamp":1.7440729738803592e+09,"epoch/learning_rate":0.0010000000474974513,"epoch/accuracy":0.9661334156990051,"test_loss":0.09566552191972733,"confusion_matrix":{"size":21139,"path":"media/images/confusion_matrix_10_066a998c40f4612fbc4a.png","format":"png","width":1000,"height":800,"_type":"image-file","sha256":"066a998c40f4612fbc4a1f812577eba6eaa7ced5f3b56e2630551a64a704314f"},"_step":10,"epoch/val_accuracy":0.9584751725196838,"classification_report_text":"              precision    recall  f1-score   support\n\n         0.0       0.96      0.99      0.98      1412\n         1.0       0.33      0.07      0.12        57\n\n    accuracy                           0.96      1469\n   macro avg       0.65      0.53      0.55      1469\nweighted avg       0.94      0.96      0.95      1469\n","_wandb":{"runtime":310},"epoch/epoch":9}